Date,Residential,Workplace,Transit,Retail,Park,Grocery,Humid,Precip,Sun,Temp,Wind
2020-03-01,0,1,5,21,-5,-7,81.83967391304348,1.60536398467433,6.266666666666666,5.2984929078014185,10.372756410256429
2020-03-02,0,1.5,3,16,11.5,-6,84.9318486137366,1.054034806189979,9.342083333333331,4.992990672217083,7.404649426660306
2020-03-03,0,1.6666666666666667,1.6666666666666667,14,10.666666666666666,-5.666666666666667,87.57686147868095,1.6622190730680029,7.139009661835748,4.876002800904512,6.203868715825244
2020-03-04,0,1.75,1.5,12.75,12,-5.5,88.2990213453056,1.2958096039463014,8.218451086956522,4.7182142306506325,5.738581481923878
2020-03-05,0,1.8,1,12.2,15.6,-5,88.74465185885317,1.0798295013388592,8.474594202898553,4.509606845513414,5.3229714126453285
2020-03-06,0,1.6666666666666667,0.5,11.333333333333334,14.833333333333334,-4.666666666666667,88.7512668031926,0.930925169244371,7.572439613526572,4.380209939356562,5.5523537452885305
2020-03-07,-0.14285714285714285,1.5714285714285714,1.4285714285714286,11.142857142857142,19.428571428571427,-4.285714285714286,88.79339949590423,0.8311898276062862,8.195543478260872,4.312767334038147,5.349145962732922
2020-03-08,-0.14285714285714285,1.1428571428571428,0.5714285714285714,9.714285714285714,19.142857142857142,-4.428571428571429,89.7550972184715,0.7320205243368988,7.511019668737062,4.522056847715959,5.138026130184516
2020-03-09,0,0.8571428571428571,0,8.857142857142858,17.142857142857142,-4.428571428571429,90.46912502191206,0.8893735886828953,6.297289964040538,4.764674347756532,5.164720448996356
2020-03-10,0.2857142857142857,0.5714285714285714,-0.8571428571428571,7.857142857142857,15,-4.285714285714286,90.70216805008741,1.0214348914800055,5.953904870872837,4.9957968753984865,5.8454674969794285
2020-03-11,0.5714285714285714,0.14285714285714285,-2.4285714285714284,7.285714285714286,16.285714285714285,-2.857142857142857,89.37842153825017,1.1402481219003788,7.146206192739375,5.386635384715257,6.580632332144265
2020-03-12,2.2857142857142856,-4.142857142857143,-7.428571428571429,4.285714285714286,9.714285714285714,0.7142857142857143,88.04806439539303,1.5257471337580863,7.205276705559888,5.742758738312015,7.977754257837616
2020-03-13,4.571428571428571,-10.571428571428571,-14,-0.7142857142857143,8.428571428571429,0.14285714285714285,86.67320504711685,1.7456789076372285,8.078106375889558,5.900911187543326,8.351178142441627
2020-03-14,5.857142857142857,-13,-20.142857142857142,-6.571428571428571,14,-0.8571428571428571,83.72470608231353,1.7144090663673874,9.950377438160622,5.801816709326507,8.474928796549424
2020-03-15,7,-15.857142857142858,-27.142857142857142,-12.857142857142858,13.857142857142858,-3.142857142857143,82.42734583386633,1.724204569934668,9.958756559039742,5.806768583693276,8.53359572485921
2020-03-16,9.285714285714286,-23,-34.142857142857146,-17,19,-4.428571428571429,81.20215028355388,1.6058995111545342,10.551393534002234,5.901480386326594,8.646609162059471
2020-03-17,11.571428571428571,-30.428571428571427,-41,-21,25.285714285714285,-4.428571428571429,80.00053447655054,1.0714636662348183,11.045807453416153,5.981492830712304,8.498495836461675
2020-03-18,14.142857142857142,-38,-48.285714285714285,-27.571428571428573,23.285714285714285,-8.142857142857142,81.17457691961472,1.1989521054307213,8.436718625577324,6.028997896568433,8.2715073487589
2020-03-19,15.142857142857142,-41.857142857142854,-51.42857142857143,-31.571428571428573,40.42857142857143,-14.142857142857142,81.16031708524619,0.7845669577789833,9.855216794075492,6.033991564248271,7.003905307942577
2020-03-20,15.857142857142858,-43.57142857142857,-53.42857142857143,-33.857142857142854,49.285714285714285,-16.285714285714285,80.13417836889009,0.5474829282607433,11.404667343526041,6.124258788159112,6.403885684708665
2020-03-21,16.285714285714285,-45.142857142857146,-56.142857142857146,-36.285714285714285,49.142857142857146,-18,79.13197857592942,0.550041407792907,11.645051958910656,6.0937813312188895,6.433889609355447
2020-03-22,16.428571428571427,-46,-57.57142857142857,-37,57.285714285714285,-18.142857142857142,76.80873841029796,0.41904471865161863,14.344914596273293,5.449005495352629,5.845938274975541
2020-03-23,16.714285714285715,-46.714285714285715,-58.714285714285715,-38.714285714285715,57.857142857142854,-19,73.149042954525,0.3153871371979845,17.074748168498168,4.777839652638451,5.8943775168930435
2020-03-24,16.857142857142858,-47.142857142857146,-59.42857142857143,-40.285714285714285,61.142857142857146,-21,69.08079311205492,0.3099183369923422,20.061927655677657,4.322591260497136,5.739326098332309
2020-03-25,16.714285714285715,-47.285714285714285,-59.142857142857146,-39.714285714285715,69.14285714285714,-20.571428571428573,64.42458530757207,0.035613004372402876,23.71771978021978,3.9477446127723663,5.376125918594862
2020-03-26,16.714285714285715,-47.285714285714285,-59.285714285714285,-39.285714285714285,67.28571428571429,-20.142857142857142,62.13113292661969,0.03421053987783312,24.953182234432237,3.696436355426875,5.307248367574454
2020-03-27,16.428571428571427,-47.142857142857146,-59.142857142857146,-38.57142857142857,71.85714285714286,-19.571428571428573,61.83377267817249,0.02864976293547723,26.088713369963372,3.666845423309347,5.1180476873023455
2020-03-28,16.285714285714285,-47.285714285714285,-59.285714285714285,-37.857142857142854,71,-18.571428571428573,63.531754044632116,0.026535101281341896,25.38026556776557,4.027325413177635,5.276812731781676
2020-03-29,16.285714285714285,-47.285714285714285,-59.285714285714285,-37.714285714285715,69,-18.142857142857142,62.34580683966317,0.061268902742087294,26.33562271062271,4.134164318952711,5.817753338793712
2020-03-30,16.142857142857142,-47.142857142857146,-59.142857142857146,-37.285714285714285,68.85714285714286,-17.857142857142858,62.91965973534972,0.06844186762181909,25.762711020863193,4.456213382670368,5.85677086888267
2020-03-31,15.857142857142858,-46.857142857142854,-58.285714285714285,-35.42857142857143,70.14285714285714,-15.857142857142858,64.12737982716716,0.09371802096814788,25.269185977066414,4.460718690806573,5.725695913817032
2020-04-01,15.857142857142858,-46.714285714285715,-58.142857142857146,-34.714285714285715,62.42857142857143,-15,67.84011676504251,0.17424089678514135,22.11491465315223,4.671780782155601,6.20116809026525
2020-04-02,16,-46.714285714285715,-58.42857142857143,-34.42857142857143,51,-14.428571428571429,69.7453962681481,0.2699259114206807,18.879337730075306,4.927296233016796,7.265257572211873
2020-04-03,16,-46.714285714285715,-58.42857142857143,-33.857142857142854,41.857142857142854,-13.285714285714286,69.46511676504251,0.297956827318019,18.022767217254792,4.842240508599369,8.049245013342171
2020-04-04,16,-46.285714285714285,-58,-33.142857142857146,39,-12.428571428571429,70.78874512943173,0.3179068209730426,17.196874360111938,4.844551805458538,7.819110267135996
2020-04-05,15.714285714285714,-45.57142857142857,-56.42857142857143,-31,50.857142857142854,-11,72.60124512943173,0.27428516133872477,17.49117381066139,5.61907688144638,7.3271230876488165
2020-04-06,15.428571428571429,-46.285714285714285,-55.42857142857143,-28.428571428571427,66.28571428571429,-9.142857142857142,72.51242075280018,0.297462424034621,18.597694554410396,6.469705708370306,7.289982562542453
2020-04-07,15.285714285714286,-47.142857142857146,-55,-27,80.14285714285714,-8,73.38823090672942,0.2696758279146915,19.9102443234819,7.234199012630031,7.07933084366092
2020-04-08,14.714285714285714,-48,-54,-23.714285714285715,97,-4.714285714285714,71.56824421640111,0.18923446217920817,22.84198817486861,7.6382127989956405,6.441869155689029
2020-04-09,15,-51.857142857142854,-54.142857142857146,-24.571428571428573,122.28571428571429,-5.142857142857143,70.3550387073544,0.09513674913097038,25.947070592451027,7.849199649795165,5.749424100743976
2020-04-10,15.714285714285714,-55.714285714285715,-54.714285714285715,-28.142857142857142,142.28571428571428,-8.857142857142858,71.0901858853182,0.06343110587469421,26.85103121516165,8.039506244218318,5.17930801082975
2020-04-11,15.428571428571429,-55.42857142857143,-54.57142857142857,-27.142857142857142,141,-7.142857142857143,70.81132977765776,0.21769684302798556,25.885600812231246,8.23668836174618,5.034645530452984
2020-04-12,15.285714285714286,-55.42857142857143,-54.285714285714285,-29.142857142857142,141.71428571428572,-8.285714285714286,71.49080700333063,0.22190319223433477,24.950390189520625,8.387834511695523,5.148270595863764
2020-04-13,16.428571428571427,-59,-56.142857142857146,-35,134,-11.857142857142858,70.1791621658115,0.1896649111917059,24.119162087912088,7.650596890004846,5.921818760949195
2020-04-14,16.428571428571427,-57.57142857142857,-56.42857142857143,-35.285714285714285,119.42857142857143,-11.857142857142858,68.71138266270592,0.19249202401881874,23.046245421245423,7.159455805911634,6.420647907992628
2020-04-15,16.714285714285715,-55.857142857142854,-56.42857142857143,-37.285714285714285,109,-14.142857142857142,69.57835988837878,0.19667477820157292,22.205471611721613,7.003072827188229,7.1495987190862955
2020-04-16,15.857142857142858,-50.857142857142854,-54.714285714285715,-34.857142857142854,95.71428571428571,-12.428571428571429,69.7999763705104,0.19461346052381687,22.26407967032967,7.0575938284657065,7.247603690305553
2020-04-17,14.571428571428571,-45.57142857142857,-52.57142857142857,-30,89.28571428571429,-8.142857142857142,68.93581780538302,0.19437214778250414,22.800366300366303,7.25426798378926,7.061093668236524
2020-04-18,14.428571428571429,-44.285714285714285,-51.285714285714285,-30.285714285714285,99.42857142857143,-9.428571428571429,66.14350414078675,0.01805022243378408,25.76247710622711,7.339298378926038,7.127302459445316
2020-04-19,14.285714285714286,-43,-50.714285714285715,-28.142857142857142,100,-8.285714285714286,64.80340752242925,0.014086258469820116,27.063836996337,7.1073024588467275,6.87031658817373
2020-04-20,12.714285714285714,-36.857142857142854,-47.42857142857143,-22.142857142857142,102.71428571428571,-4.714285714285714,66.45420117322291,0.008849235732797377,28.23438186813187,7.669723679336753,5.865463108320251
2020-04-21,12.285714285714286,-35.42857142857143,-45.57142857142857,-22.142857142857142,113.71428571428571,-5.571428571428571,66.47047964113182,0.056736408619970265,29.818704212454215,8.352057118889649,5.719283097854525
2020-04-22,11.571428571428571,-34.142857142857146,-44,-21.428571428571427,125,-5.428571428571429,64.49222739820566,0.05963216151572316,31.893699633699637,8.73936537895872,5.131279434850863
2020-04-23,11,-33,-42.57142857142857,-20.714285714285715,135.85714285714286,-5.285714285714286,63.16492696112261,0.10232839982839982,32.681048733874825,9.201373752304972,4.551452688098651
2020-04-24,10.714285714285714,-32.285714285714285,-42,-20.571428571428573,134.42857142857142,-5.142857142857143,64.16978663446055,0.11889854139854139,31.6134892100653,9.438719121131982,5.046958967533501
2020-04-25,10.571428571428571,-32.142857142857146,-41.57142857142857,-20,134.71428571428572,-4.857142857142857,65.32580515297907,0.16603710853710854,30.857184265010353,9.64699347714775,5.197427934384456
2020-04-26,10.571428571428571,-32.42857142857143,-41.857142857142854,-20.142857142857142,128,-4.857142857142857,66.58942949160341,0.17665486915486917,27.769565217391307,9.6050131904094,5.128099048984142
2020-04-27,10.571428571428571,-32.142857142857146,-42.142857142857146,-21,117.85714285714286,-5.428571428571429,68.98057855992639,0.3913136605993749,24.2625414078675,9.502653387208083,5.086802948604191
2020-04-28,10.285714285714286,-31.857142857142858,-42,-21.714285714285715,111.71428571428571,-6,71.09975845410628,0.3827666520523663,21.7598033126294,9.226136490126672,4.725029008258822
2020-04-29,10.571428571428571,-31.714285714285715,-42.714285714285715,-22.857142857142858,94.28571428571429,-6.714285714285714,74.3074133276499,0.5351064503223972,17.077308160722485,8.823951747549703,4.7057001228585085
2020-04-30,10.857142857142858,-31.714285714285715,-43.285714285714285,-24.285714285714285,71.42857142857143,-6.428571428571429,78.60262266742446,1.401219755859666,12.75951034259858,8.39223086153881,5.076971139626419
2020-05-01,11.285714285714286,-33,-43.285714285714285,-24.857142857142858,64.42857142857143,-5.714285714285714,80.51046140678494,1.7911025363674462,10.4362731631114,8.312321190798144,4.620669717905743
2020-05-02,11.428571428571429,-33.142857142857146,-43.285714285714285,-25.571428571428573,54.57142857142857,-5.285714285714286,83.01066844612241,1.996723451400126,8.568722796811032,8.287328147765129,4.486350091132701
2020-05-03,11.285714285714286,-32.142857142857146,-41.857142857142854,-25.285714285714285,58.285714285714285,-4.571428571428571,84.0011446365986,1.9890455190646594,10.597312540400777,8.50486527014096,4.7266775084244035
2020-05-04,11,-31.571428571428573,-40.857142857142854,-25.428571428571427,62.285714285714285,-3.5714285714285716,82.4633024465825,1.7838783621117882,13.462981038569275,8.477629579230655,5.15816816953463
2020-05-05,11,-31,-40.285714285714285,-25.714285714285715,61.857142857142854,-2.7142857142857144,81.09658977117417,1.7633777516111777,15.003450460451738,8.517784079553458,5.463520025810399
2020-05-06,10.571428571428571,-30.285714285714285,-38.857142857142854,-25.142857142857142,70.71428571428571,-1.1428571428571428,79.38404071773637,1.6089355574031345,18.67402253543558,8.637697956795044,5.814240852602655
2020-05-07,9.571428571428571,-29.428571428571427,-37,-22.857142857142858,90.57142857142857,1.4285714285714286,76.90166206579251,0.7033875921572335,22.05540790731008,8.803300941695051,5.861731366459628
2020-05-08,10,-33.57142857142857,-37.714285714285715,-26.714285714285715,113.14285714285714,-2.857142857142857,75.42244285505156,0.3007670249390636,24.633361204013376,9.074352445513037,5.9934697387958265
2020-05-09,9.428571428571429,-32.42857142857143,-35.857142857142854,-25,130.14285714285714,-1.2857142857142858,73.8063915553046,0.06276515752543149,26.454904244306416,9.426204668403127,5.774852301482737
2020-05-10,9.142857142857142,-31.857142857142858,-35.57142857142857,-24.571428571428573,126.14285714285714,-0.14285714285714285,73.2016296505427,0.08168972610753432,24.85085204650422,9.51840256906877,5.886049391429827
2020-05-11,9.142857142857142,-31.428571428571427,-35.285714285714285,-23.857142857142858,123.14285714285714,0.2857142857142857,71.26723811615116,0.10968722731932125,24.796822742474912,9.317064883456892,6.046254417884853
2020-05-12,9.142857142857142,-31.142857142857142,-35.42857142857143,-23.714285714285715,115.42857142857143,0.42857142857142855,71.45670211431081,0.17382909239868632,23.544160097149224,9.052582426144841,6.193227042683565
2020-05-13,9.142857142857142,-30.714285714285715,-35.142857142857146,-23.428571428571427,116.14285714285714,0.2857142857142857,69.89003544764414,0.24808198704969742,23.41469581143494,8.7805266145729,5.840627836334358
2020-05-14,9.428571428571429,-30.285714285714285,-35.714285714285715,-24.428571428571427,105.71428571428571,-2,68.24027699353786,0.3193070829938461,23.570398351648347,8.501556101810685,5.9299828512872
2020-05-15,8.142857142857142,-23.571428571428573,-34,-20,81.57142857142857,2,68.03149873475961,0.386694966229332,21.830586080586077,8.342838403452456,6.516924890729236
2020-05-16,8.571428571428571,-23.857142857142858,-35.42857142857143,-21.142857142857142,62.285714285714285,0.42857142857142855,68.06064527260179,0.5162511096743644,20.107486263736263,8.144704614286804,7.531011904761905
2020-05-17,9,-24.142857142857142,-36.57142857142857,-21.857142857142858,55.857142857142854,-0.5714285714285714,68.7776455026455,0.6010608472618798,19.47344322344322,8.238146604194881,7.948959914883831
2020-05-18,8.714285714285714,-23.142857142857142,-36.142857142857146,-21.428571428571427,51.57142857142857,-1.1428571428571428,73.67830687830688,0.7976006214207015,15.67799908424908,8.728821683995735,7.7403620312859465
2020-05-19,8.285714285714286,-21.857142857142858,-34.714285714285715,-19.714285714285715,60.285714285714285,-0.8571428571428571,75.23968253968255,0.7409159409695738,16.32348901098901,9.341785986051493,7.591188750862666
2020-05-20,7.285714285714286,-20.714285714285715,-32.57142857142857,-16,73.14285714285714,1.1428571428571428,77.525962000962,0.6694089429000757,17.110410422910423,9.879984286835585,7.243068260242175
2020-05-21,8.285714285714286,-27.428571428571427,-33.57142857142857,-18.714285714285715,110.28571428571429,-2,79.19349133153482,0.601853122885477,17.030396686646686,10.701963770118262,6.577340747014663
2020-05-22,8.857142857142858,-31.571428571428573,-34.285714285714285,-16.142857142857142,122.71428571428571,-1.4285714285714286,79.11758265888702,1.273304602306677,16.892929534233883,11.388949475593789,6.137607885270935
2020-05-23,8.428571428571429,-30.142857142857142,-33,-14.285714285714286,134.57142857142858,-1.5714285714285714,80.16758265888701,1.195320096288545,17.41742587123022,11.76074532159176,5.7804055043185505
2020-05-24,8,-29.571428571428573,-32.285714285714285,-13.285714285714286,132,-1.8571428571428572,80.87849248175336,1.2246752635636091,16.67658338038773,11.920190665409214,5.842622838111971
2020-05-25,7.714285714285714,-29.428571428571427,-31.571428571428573,-12.142857142857142,142.71428571428572,-1.5714285714285714,79.35376853420331,1.00732910788412,19.38938099943535,12.051941194020287,5.9798462105527355
2020-05-26,7.428571428571429,-29.142857142857142,-31,-11.428571428571429,150.28571428571428,-2,79.86659922203401,0.9831192777532373,20.09187642068077,12.112851781659593,5.494303882510407
2020-05-27,7.857142857142857,-28.714285714285715,-31.857142857142858,-13.142857142857142,138.57142857142858,-4.142857142857143,79.77449965493444,0.9795353366692963,18.52027094282529,12.400606801462487,6.018376754083279
2020-05-28,6.428571428571429,-20.428571428571427,-29,-8,112.14285714285714,-0.5714285714285714,79.44113181504486,0.9781491657625774,19.908897714604237,12.166195872428524,6.597801357257882
2020-05-29,4.857142857142857,-14.428571428571429,-25.285714285714285,-6.714285714285714,120.14285714285714,0.42857142857142855,78.26404322040968,0.24498262017792577,23.62403387840858,12.112625402932819,6.402491265922946
2020-05-30,4.285714285714286,-12.857142857142858,-22.285714285714285,-4.714285714285714,132.71428571428572,2.2857142857142856,NA,NA,NA,NA,NA
2020-05-31,3.857142857142857,-11.714285714285714,-18.857142857142858,-5.428571428571429,164.14285714285714,1.8571428571428572,NA,NA,NA,NA,NA
2020-06-01,4.714285714285714,-19.285714285714285,-20,-9.142857142857142,202,-0.2857142857142857,NA,NA,NA,NA,NA
2020-06-02,4.285714285714286,-19.142857142857142,-18.857142857142858,-6.428571428571429,208.57142857142858,2.857142857142857,NA,NA,NA,NA,NA
2020-06-03,4,-19.142857142857142,-17.857142857142858,-4.857142857142857,214.71428571428572,4.142857142857143,NA,NA,NA,NA,NA
2020-06-04,3.7142857142857144,-19.285714285714285,-17.285714285714285,-3.142857142857143,203.14285714285714,6,NA,NA,NA,NA,NA
2020-06-05,5.428571428571429,-25.714285714285715,-20.428571428571427,-8.714285714285714,195,1.1428571428571428,NA,NA,NA,NA,NA
2020-06-06,6,-27,-22.714285714285715,-8.428571428571429,173,1.4285714285714286,NA,NA,NA,NA,NA
2020-06-07,6.285714285714286,-26.857142857142858,-24,-5.571428571428571,151.85714285714286,2.2857142857142856,72.9458466819222,2.3030606447160515,23.779262820512823,14.176475571813649,4.845949296550557
2020-06-08,5.142857142857143,-18.571428571428573,-22,-0.42857142857142855,112.85714285714286,4.857142857142857,75.22103942568637,2.3011591896895967,21.704596415489274,13.583971591498113,5.035877490050178
2020-06-09,5.285714285714286,-18.428571428571427,-22.571428571428573,-2,102,2.2857142857142856,76.74312937277631,2.335731922892467,19.459175170068026,12.841381672551808,5.087251828674518
2020-06-10,5.285714285714286,-18.285714285714285,-22.857142857142858,-2.4285714285714284,99.42857142857143,1.2857142857142858,77.32740473509516,2.268780690645182,17.215626635269494,12.549659391595023,4.958778398722827
2020-06-11,5.428571428571429,-18.142857142857142,-23.285714285714285,-3.2857142857142856,105.28571428571429,-0.5714285714285714,75.60029845930467,1.3864715872285343,17.222494767137626,13.02343422952386,4.989787866837558
2020-06-12,3.857142857142857,-11.714285714285714,-20.571428571428573,1.8571428571428572,100,3,76.14724462907692,0.7895557198909553,15.189871140764,13.682688227145109,5.027645009694701
2020-06-13,3.4285714285714284,-10.857142857142858,-19.285714285714285,1.1428571428571428,108.85714285714286,1,77.05948251196699,0.5183018497531566,13.872906855049715,14.524511211052971,4.864275046324737
2020-06-14,3.142857142857143,-9.857142857142858,-18.142857142857142,2.142857142857143,120.71428571428571,1.4285714285714286,75.73312368560816,0.3466753128890613,17.046327184720045,15.229300623958373,5.322648433757112
2020-06-15,2.857142857142857,-9.714285714285714,-17.142857142857142,3,137.85714285714286,1.8571428571428572,73.53827361428645,0.3620880470517955,19.138163919413923,15.955970122946825,5.266023950235113
2020-06-16,2.5714285714285716,-9.571428571428571,-16.285714285714285,4,153.71428571428572,2.4285714285714284,72.7344922708312,0.3240906563146787,20.584249084249088,16.861247722507834,5.285726618742129
2020-06-17,2.2857142857142856,-9.428571428571429,-15.285714285714286,4.857142857142857,166.57142857142858,2.857142857142857,73.07274631750917,0.33506368291270533,22.253777472527474,17.546567065646997,5.312454246991496
2020-06-18,1.8571428571428572,-9.285714285714286,-14.571428571428571,5.571428571428571,180,3,74.37908164884449,0.3426445940650451,24.147664835164836,17.90143828304395,5.056667209954459
2020-06-19,1.7142857142857142,-9.428571428571429,-14.428571428571429,5.571428571428571,183,3,75.61287193263477,1.0065047303267067,24.76522435897436,17.99753872515503,4.590241644778894
2020-06-20,1.7142857142857142,-10,-14.714285714285714,5.428571428571429,179.28571428571428,3.142857142857143,76.4165742488371,1.1401356827076592,24.436813186813186,17.895292919885037,4.399196665517623
2020-06-21,1.7142857142857142,-10.714285714285714,-15.142857142857142,5.285714285714286,174.42857142857142,3.142857142857143,78.21946927048212,1.2295791114850823,22.026900183150186,17.806640846152316,3.8169534873474786
2020-06-22,1.7142857142857142,-11.142857142857142,-15.428571428571429,5.714285714285714,166.42857142857142,3.142857142857143,80.29931298572603,1.7767265023824732,20.506753663003664,17.683420817778007,4.015184391839862
2020-06-23,1.4285714285714286,-11.428571428571429,-15.142857142857142,6,170.71428571428572,3.142857142857143,81.03296746530442,1.775992647196563,21.531822344322347,17.45277315197957,4.06226164129254
2020-06-24,1.2857142857142858,-11.571428571428571,-14.857142857142858,6.285714285714286,176.28571428571428,3,80.55084791751459,1.7640989041384365,22.976991758241763,17.480443416493518,3.96986746139836
2020-06-25,1.1428571428571428,-11.714285714285714,-14.142857142857142,6.714285714285714,188,3.4285714285714284,79.69223985890652,1.6739130788743333,24.903617216117215,17.80481602969591,4.117274868805768
2020-06-26,0.7142857142857143,-11.714285714285714,-13.285714285714286,7,211,3.4285714285714284,77.42572585760992,0.9682345506122092,29.31891025641026,18.582512446754034,4.330530431680896
2020-06-27,0.14285714285714285,-11.857142857142858,-10.857142857142858,7.142857142857143,231.28571428571428,3.4285714285714284,76.15318669042789,0.7623923640540416,31.792680533751962,19.250051222731134,4.082543635838963
2020-06-28,0.14285714285714285,-12.571428571428571,-10.714285714285714,6.714285714285714,226.42857142857142,3.4285714285714284,76.46196795545916,0.7646149270750042,30.29703035060178,19.361928067955617,4.395110516523823
2020-06-29,0.2857142857142857,-13.714285714285714,-10.857142857142858,6.857142857142857,229.57142857142858,3.2857142857142856,75.58390027032625,0.5345889015132643,29.5456417935067,19.29299190543992,4.741032768858507
2020-06-30,0.8571428571428571,-15.142857142857142,-11.857142857142858,8.285714285714286,209.57142857142858,4,76.96282515582723,1.0182487880084776,25.143791379428027,19.060185459629423,5.804568068290121
2020-07-01,1,-16.714285714285715,-12.428571428571429,9.714285714285714,200,4.428571428571429,77.7496685727431,1.2597972002932842,21.66949212795486,18.560080196278328,6.287962938315426
2020-07-02,1.2857142857142858,-18.428571428571427,-13,10.857142857142858,190.85714285714286,4.428571428571429,77.9889370337507,1.2756572004770352,19.488745790958525,17.723128905586293,6.283611374018209
2020-07-03,1.7142857142857142,-20.285714285714285,-13.571428571428571,11.571428571428571,172.28571428571428,4.285714285714286,78.49586710046337,1.6040744851991433,15.334556230518963,16.57905595725802,6.4110670906043605
2020-07-04,2.142857142857143,-21.714285714285715,-15.285714285714286,11.571428571428571,148.42857142857142,3.857142857142857,80.56540602714516,2.565586752509737,12.213121118012422,15.77598387736223,7.150380204738906
2020-07-05,2.2857142857142856,-22.714285714285715,-15.285714285714286,12.428571428571429,146.71428571428572,3.7142857142857144,81.20751761925675,2.779840757429925,11.822132107023412,15.561623673202778,7.896996042085077
2020-07-06,2.5714285714285716,-24.571428571428573,-15.857142857142858,13.428571428571429,146.57142857142858,3.857142857142857,81.86049472467951,2.652757103455515,11.393900700748528,15.243962015197091,8.45302001767977
2020-07-07,2.7142857142857144,-26.285714285714285,-16,13.428571428571429,159.85714285714286,2.857142857142857,80.82420382556252,2.4001469855216415,12.451615213103508,14.964292685143855,8.126578426662089
2020-07-08,2.857142857142857,-27.857142857142858,-16.285714285714285,13.714285714285714,169.57142857142858,2.2857142857142856,79.8010729306925,2.1935813991666526,13.513368677030886,14.567502896147774,8.198084350287578
2020-07-09,3,-29.142857142857142,-16.428571428571427,13.571428571428571,178.71428571428572,1.5714285714285714,80.12807431095474,2.21165254534195,13.386431511632182,14.29019380183475,7.964803639452519
2020-07-10,3.2857142857142856,-30.428571428571427,-17.285714285714285,13.142857142857142,182.85714285714286,1.1428571428571428,80.65059454434454,2.135332708765344,14.018378891175717,14.071060959268744,7.8954407559592
2020-07-11,3,-30.142857142857142,-15.428571428571429,14,200.85714285714286,1.2857142857142858,77.42916597291597,1.1173085386499004,17.62758218787901,13.853279804253546,7.7224050416734835
2020-07-12,2.7142857142857144,-30.285714285714285,-14.285714285714286,14.428571428571429,213.42857142857142,1.2857142857142858,76.25583744958745,0.8204979931592418,18.263191162237987,13.582033372141467,7.179810368348476
2020-07-13,2.7142857142857144,-31.857142857142858,-13.571428571428571,15.428571428571429,238.28571428571428,1.4285714285714286,76.19924623643159,0.6155249490809781,18.242653279068524,13.73454833767592,6.223093658502697
2020-07-14,3,-33.57142857142857,-13.714285714285714,15.857142857142858,249.85714285714286,1.4285714285714286,77.92091900810436,0.9316485911422124,17.120214089217125,14.018138860628147,5.6508205612296
2020-07-15,3.4285714285714284,-35.285714285714285,-14.285714285714286,16.142857142857142,258.7142857142857,1.4285714285714286,79.49571458289994,1.026455812738254,15.619298338301375,14.2644609339449,5.268981335640373
2020-07-16,3.7142857142857144,-37,-14.428571428571429,16.714285714285715,272.2857142857143,1.5714285714285714,80.21925955644491,0.9998815646179532,15.323273049487625,14.553588340226558,5.218293504952543
2020-07-17,3.5714285714285716,-38.57142857142857,-13.714285714285714,17.142857142857142,300.42857142857144,1.2857142857142858,79.97743865592835,0.748918066808173,17.355016146134567,15.069414610394869,4.875794759736407
2020-07-18,3.2857142857142856,-38.714285714285715,-12.857142857142858,17,316.14285714285717,1,80.96921459335647,0.7121912121738736,16.374933728552154,15.729625614315406,4.272822019915841
2020-07-19,3.142857142857143,-38.857142857142854,-12.571428571428571,17,324.42857142857144,1,81.59108024783082,0.8600771947359126,15.875570772667459,16.306716105923712,3.8145108282894324
2020-07-20,3.142857142857143,-39.285714285714285,-12.857142857142858,17.428571428571427,326.14285714285717,1.4285714285714286,81.25369690695777,0.9662287436691516,16.204177615862402,16.406216611402787,4.04939129911956
2020-07-21,3,-39.714285714285715,-12.571428571428571,18.428571428571427,341.14285714285717,1.8571428571428572,78.48874981701069,0.45004032978499914,18.84257047300526,16.37509325780603,4.312460082188343
2020-07-22,2.857142857142857,-40.142857142857146,-12.285714285714286,19,349.42857142857144,2,76.23392778718866,0.3290248346980755,21.128857103041888,16.342379340517645,4.418981847460109
2020-07-23,3,-40.57142857142857,-13,18.857142857142858,343.2857142857143,1.8571428571428572,75.95112355438442,0.8186019155304082,20.41903567447046,16.238244335451796,4.650853540581802
2020-07-24,3.5714285714285716,-41,-14.285714285714286,18.714285714285715,325.57142857142856,2,76.65736348997218,1.2397927209511852,18.234053989488775,16.188112458001466,5.247491164230295
2020-07-25,3.857142857142857,-41.142857142857146,-14.714285714285714,18.857142857142858,319.14285714285717,1.8571428571428572,77.12114310809963,1.3693796173294548,17.731764612199395,15.89952632743453,5.303936126273084
2020-07-26,4.285714285714286,-41.57142857142857,-15.857142857142858,18.428571428571427,304.57142857142856,1.5714285714285714,78.01316634251417,1.9697912850268369,17.51546822742475,15.709872512624608,5.689667952820127
2020-07-27,4.428571428571429,-40.714285714285715,-16.142857142857142,17.571428571428573,297.42857142857144,0.8571428571428571,79.34075224292616,2.028564020757404,16.41563644688645,15.879708493017937,5.5393110190936286
2020-07-28,4.571428571428571,-39.714285714285715,-16.285714285714285,16.714285714285715,286.2857142857143,0.42857142857142855,80.63109615827007,2.3363605803466667,14.756753663003666,16.107209759481965,5.889436680469293
2020-07-29,4.857142857142857,-39,-17.142857142857142,15.857142857142858,265.57142857142856,0.14285714285714285,82.12302737520129,2.4548994488855356,11.994391025641027,16.121305504162816,6.663523982056592
2020-07-30,4.857142857142857,-38.142857142857146,-17.142857142857142,16,257.2857142857143,0.2857142857142857,81.79617552334943,1.9756143564701911,11.588141025641026,16.19429182635126,7.0881469979296075
2020-07-31,4.142857142857143,-37.142857142857146,-15.571428571428571,17.428571428571427,272.7142857142857,1,81.0723544973545,1.5531737910386212,13.930173992673994,16.23248094797586,6.518289912583391
2020-08-01,3.857142857142857,-36.714285714285715,-14.571428571428571,18,278,1.5714285714285714,80.25123117623117,1.4207947796514575,15.506753663003664,16.500899718921225,6.723150514943994
2020-08-02,3.5714285714285716,-35.714285714285715,-13.428571428571429,19.428571428571427,285.14285714285717,2.5714285714285716,79.51159072409072,0.7412578673356802,15.762706043956046,16.46973891611921,6.5212030980246665
2020-08-03,3.142857142857143,-33.857142857142854,-12.857142857142858,19.571428571428573,278.7142857142857,3,78.36457669142452,0.5743968414516056,17.470352564102566,16.281293087741606,6.432533153235156
2020-08-04,2.7142857142857144,-32.142857142857146,-12.285714285714286,19.428571428571427,275.14285714285717,3.142857142857143,77.44959753477869,0.24430829809775612,19.29714035964036,16.003317357797794,5.676828166863501
2020-08-05,2.142857142857143,-30.142857142857142,-11.285714285714286,19.428571428571427,275.85714285714283,3.4285714285714284,77.19341839645669,0.26653540542884174,19.352101767280338,16.47647917571645,5.14442737321271
2020-08-06,1.5714285714285714,-28.285714285714285,-10.142857142857142,18.857142857142858,288.2857142857143,3.5714285714285716,76.18799511603342,0.2845810020458669,20.795096272774845,17.207691181795482,4.591464410249746
2020-08-07,1.2857142857142858,-26.571428571428573,-10,17.571428571428573,291.2857142857143,3.142857142857143,74.2797480490907,0.32138840616693565,21.746332536511108,18.03334478736352,4.565757313401345
2020-08-08,1.2857142857142858,-26.428571428571427,-10.714285714285714,16.714285714285715,297.57142857142856,3,73.47947991947474,0.36013433932280664,21.94772308436905,18.586610909154153,4.15835376083475
2020-08-09,1,-26.142857142857142,-10.285714285714286,15.857142857142858,311.85714285714283,2.857142857142857,71.50274701067661,0.32231893521794447,24.458025282171246,19.38395904951839,3.893617545363922
2020-08-10,0.7142857142857143,-24.857142857142858,-10,14.428571428571429,317.2857142857143,2.7142857142857144,71.56957930881326,0.3599699621524986,25.042528188685022,20.3946850587851,3.798763560379502
2020-08-11,0.2857142857142857,-23.428571428571427,-9.857142857142858,13,321.42857142857144,2.5714285714285716,72.29628128370365,0.38214637077256913,25.344376250043954,21.430396981768062,4.013269731476253
2020-08-12,0,-22,-9.285714285714286,11.714285714285714,329.14285714285717,2.4285714285714284,71.55709005165527,0.26032926059805594,28.770985355224486,21.871869155744037,3.931351742058264
2020-08-13,-0.2857142857142857,-20.571428571428573,-9.285714285714286,10.571428571428571,320,2.142857142857143,71.82057061296192,0.2547514889488558,30.40087629761543,21.948437368598096,4.004277035363993
2020-08-14,-0.42857142857142855,-19.285714285714285,-8.857142857142858,10.142857142857142,310.85714285714283,2.142857142857143,72.53383263274567,0.24822949659026847,30.306857544629285,21.71547488897165,4.008027610473263
2020-08-15,-0.2857142857142857,-19.428571428571427,-9.428571428571429,9.857142857142858,306.14285714285717,1.8571428571428572,73.44505040048519,0.240925890216212,30.682161135965483,21.44078241947691,4.119304457619675
2020-08-16,-0.2857142857142857,-19.714285714285715,-9.714285714285714,9.285714285714286,305.14285714285717,1.1428571428571428,73.2271645021645,0.23077593047386108,31.24603476233911,21.462076084954205,4.157734121755861
2020-08-17,-0.42857142857142855,-19.428571428571427,-9.571428571428571,8.285714285714286,301.7142857142857,0.2857142857142857,71.45917700120599,0.22310830308792395,31.664126483419963,21.504481196930314,4.137543133195307
2020-08-18,-0.2857142857142857,-18.857142857142858,-9.857142857142858,7.142857142857143,285.2857142857143,-0.5714285714285714,72.22297927515318,0.40861061620907513,29.72668484896746,21.254462950837837,3.89255988978815
2020-08-19,-0.2857142857142857,-18.571428571428573,-10.285714285714286,6.285714285714286,272.57142857142856,-1.2857142857142858,73.46492605386467,0.5176908510427346,28.361899511755652,21.001883461595334,3.4487040696823295
2020-08-20,0,-18.428571428571427,-11,5.285714285714286,248.71428571428572,-2.142857142857143,76.04231850843104,0.8624674133192969,23.906916994273136,20.809338804972278,3.4716054959533205
2020-08-21,0.2857142857142857,-18.142857142857142,-11.428571428571429,4.857142857142857,226.14285714285714,-2.5714285714285716,78.32164333014717,1.1770515124526155,20.458238860812394,20.870221585466524,4.034397651462868
2020-08-22,0.5714285714285714,-18.285714285714285,-12.857142857142858,4.857142857142857,204.57142857142858,-2.857142857142857,78.4884307697607,1.2406565867822754,18.256888128211664,20.72476158370449,4.763302643411335
2020-08-23,1,-18.714285714285715,-14.285714285714286,4.285714285714286,178.28571428571428,-3.2857142857142856,80.30247838880831,1.4570057029629546,16.036421095244627,19.94897257661229,5.3166333312420235
2020-08-24,1.1428571428571428,-18.142857142857142,-14.857142857142858,3.7142857142857144,158.42857142857142,-3.857142857142857,81.95267880567539,1.6130094854911272,12.857529485646495,18.86882371942586,5.285124354367878
2020-08-25,1.1428571428571428,-17.857142857142858,-15,3.5714285714285716,151.85714285714286,-4.285714285714286,80.2885323811123,1.7589172235863655,13.143784896901908,18.175698365979642,5.55834619962624
2020-08-26,1.2857142857142858,-17.285714285714285,-15.428571428571429,3.142857142857143,140.85714285714286,-4.714285714285714,81.5527760785913,2.3343953282481436,10.907718585762066,17.854402221990128,6.120937998568039
2020-08-27,1.2857142857142858,-16.714285714285715,-15.285714285714286,3.142857142857143,139.57142857142858,-4.857142857142857,80.79444274525797,2.798406571634387,11.515433787227268,17.23391716626571,6.317115247245288
2020-08-28,1.2857142857142858,-16,-15.571428571428571,3.2857142857142856,132,-4.714285714285714,80.92952605394376,2.788216564292314,10.490832935180764,16.30728641683365,6.002448544428895
2020-08-29,1.4285714285714286,-16,-16.142857142857142,3.4285714285714284,126.85714285714286,-5,82.07780647722417,3.089306367451899,9.993465719063545,15.745419648849865,5.258718385698739
2020-08-30,1.2857142857142858,-15.571428571428571,-15.857142857142858,4.142857142857143,131.42857142857142,-5,82.24216925615217,2.89428328197225,10.583209308807135,15.436688150237474,4.716841286549901
2020-08-31,1.1428571428571428,-15.142857142857142,-15.142857142857142,5.571428571428571,133,-4.142857142857143,80.56423515321806,2.708763376177954,13.427661052715402,15.479161813232754,4.576128041201825
2020-09-01,0.8571428571428571,-14.714285714285714,-14.285714285714286,6.571428571428571,134.42857142857142,-3.5714285714285716,80.76806812580104,2.3726076459432766,14.876951345755694,15.394356453774849,4.305821058858325
2020-09-02,0.5714285714285714,-14.428571428571429,-13.571428571428571,7.142857142857143,138.57142857142858,-3.142857142857143,79.12221236320615,1.6853041444561012,17.017991519350215,15.183305762175358,3.8137736008413023
2020-09-03,0.2857142857142857,-14,-13.142857142857142,7.714285714285714,137.85714285714286,-2.5714285714285716,79.2489952019455,1.1275397379688687,17.684170449116102,15.192670162422045,3.783992142364192
2020-09-04,0,-13.857142857142858,-12.571428571428571,8.571428571428571,141.85714285714286,-2.142857142857143,77.60067026371374,0.8219759776251879,19.009951099625013,15.514809945296763,4.142632876382877
2020-09-05,-0.14285714285714285,-14.142857142857142,-12.428571428571429,9.142857142857142,141.71428571428572,-1.8571428571428572,76.22527343831692,0.6437196134848384,19.354616850540765,15.406153663635155,4.681197691197692
2020-09-06,0,-14.571428571428571,-12.714285714285714,9.142857142857142,137.57142857142858,-1.7142857142857142,75.45665140012966,0.7139110415075918,18.928907143581057,15.192922142997299,4.9780377533094935
2020-09-07,0,-14.714285714285714,-13.142857142857142,7.857142857142857,132.42857142857142,-2.5714285714285716,76.92847679695505,0.7741089454554958,17.344085715009626,15.036602487475518,5.475167382939123
2020-09-08,0.2857142857142857,-14.857142857142858,-14,6.857142857142857,124.42857142857143,-3,78.7338048392831,0.9340832123350646,15.211595055668967,15.321141747860526,6.145593837965579
2020-09-09,0.5714285714285714,-15.142857142857142,-15.142857142857142,5.857142857142857,115.42857142857143,-3.5714285714285716,79.99913150134888,1.1351274557900224,13.106575944345508,15.434582510382004,6.928680449421755
2020-09-10,0.5714285714285714,-15.285714285714286,-15.428571428571429,5.428571428571429,117.42857142857143,-4,78.1041234498191,0.8640072250890464,14.592709285641895,15.236145216870701,7.031843262856308
2020-09-11,0.7142857142857143,-15.428571428571429,-15.714285714285714,4.714285714285714,115.85714285714286,-4.285714285714286,78.06461605705084,0.8481053945494343,13.898214468864468,14.913291848376725,6.834330296756384
2020-09-12,0.7142857142857143,-15.571428571428571,-16.142857142857142,4.142857142857143,113.42857142857143,-4.571428571428571,78.67763570935621,0.9007438141891925,12.872295447409732,14.989761851271505,6.962075005751093
2020-09-13,0.5714285714285714,-15.571428571428571,-16.428571428571427,3.4285714285714284,111.14285714285714,-4.857142857142857,79.79274213071263,0.8157735276375806,10.759245996860283,15.369524913554294,7.271420243846332
2020-09-14,0.42857142857142855,-15.142857142857142,-16.428571428571427,3.4285714285714284,119,-5.142857142857143,81.66001802108634,0.756747408828853,11.757145941118925,15.773673450661041,6.939586507936508
2020-09-15,0.2857142857142857,-14.714285714285714,-16.142857142857142,3.5714285714285716,130.28571428571428,-5.285714285714286,81.97569113943338,0.5750245741010923,13.016421717516439,15.906359294162794,6.077445077064643
2020-09-16,0.14285714285714285,-14.142857142857142,-15.571428571428571,3.7142857142857144,138.14285714285714,-5.285714285714286,81.16382833436406,0.35620585974666363,14.875966230973996,15.68582076748617,5.714195997239476
2020-09-17,0.14285714285714285,-13.857142857142858,-15.714285714285714,3.4285714285714284,139.42857142857142,-5.428571428571429,80.54118097941856,0.34457764324267076,15.553737970104429,15.412195997036479,5.351279494889743
2020-09-18,0.14285714285714285,-13.428571428571429,-15.857142857142858,3,142.42857142857142,-5.714285714285714,80.54748352349284,0.3362809148372467,18.54995675132321,15.02147979884255,4.891537677126187
2020-09-19,0.2857142857142857,-13.142857142857142,-15.857142857142858,2.5714285714285716,149.71428571428572,-5.571428571428571,81.3982961878607,0.07391929656796031,20.021457274609446,14.648959455302377,4.0448662004547105
2020-09-20,0.42857142857142855,-12.857142857142858,-15.857142857142858,2.2857142857142856,154.28571428571428,-5.571428571428571,82.4828755339532,0.04664980769132856,21.73538584603802,14.073904883388726,3.2404579576254147
2020-09-21,0.8571428571428571,-13.285714285714286,-16.428571428571427,1.4285714285714286,146.14285714285714,-5.571428571428571,82.91436756676511,0.05152016163000548,20.044850501465408,13.227675718510989,2.995911990594976
2020-09-22,1.1428571428571428,-13.714285714285714,-17.142857142857142,0.2857142857142857,138.14285714285714,-5.714285714285714,82.69068947443583,0.05064763870779312,19.954879486972654,12.847566688201601,3.1233566269914754
2020-09-23,1.4285714285714286,-14,-17.571428571428573,-0.5714285714285714,134.85714285714286,-5.714285714285714,83.27225826796115,0.14143798262313703,19.542477830657955,12.921764410768889,2.9130408920018276
2020-09-24,1.8571428571428572,-14.142857142857142,-18.285714285714285,-1.5714285714285714,126.14285714285714,-5.714285714285714,84.72363259239448,0.386963596097292,17.756147602914684,13.382923664091532,3.4979941438339615
2020-09-25,2.4285714285714284,-14.571428571428571,-19.714285714285715,-3.2857142857142856,110,-6.142857142857143,86.78710234069624,1.2579066418904128,13.934654096421177,13.530562479616039,3.8010989130582957
2020-09-26,2.7142857142857144,-14.428571428571429,-21,-3.857142857142857,99,-6,87.20317622892922,1.3533931548038871,11.639892191659271,13.61828381741802,4.273053458512841
2020-09-27,3,-14.285714285714286,-21.571428571428573,-4.285714285714286,95.85714285714286,-6.142857142857143,86.82871347079421,1.4498150265829017,10.748106477373558,14.27458053428349,4.823067761948198
2020-09-28,3.2857142857142856,-14,-22.285714285714285,-5.142857142857143,87.42857142857143,-6.428571428571429,86.98966567852437,1.4911706346310565,9.114501035196687,14.69883820602914,5.083226220351998
2020-09-29,3.4285714285714284,-13.714285714285714,-22.571428571428573,-5.285714285714286,80.57142857142857,-6.428571428571429,86.75884066526359,1.50432877602601,7.969715320910976,14.526728242148987,5.334645110525546
2020-09-30,3.2857142857142856,-13.428571428571429,-22.428571428571427,-3.7142857142857144,75.57142857142857,-5.142857142857143,87.29844121622777,1.417424014121248,6.642810559006214,14.351744534100762,5.270656414036849
2020-10-01,3.142857142857143,-13.142857142857142,-22.285714285714285,-2.5714285714285716,72.85714285714286,-4,88.94918585202676,1.2679751844567961,5.569285714285716,14.1939160539476,5.2503824894911855
2020-10-02,3,-12.714285714285714,-21.714285714285715,-0.7142857142857143,75.57142857142857,-2.4285714285714284,88.41596384511404,0.570647131762364,5.948333333333335,14.492303818590626,5.586354769224335
2020-10-03,3,-12.857142857142858,-21.285714285714285,0.5714285714285714,74.42857142857143,-1.5714285714285714,87.74962185377206,0.519426212410258,6.245476190476192,14.776103101744745,6.2445664094359765
2020-10-04,3,-13.142857142857142,-21.571428571428573,1.8571428571428572,70.14285714285714,-0.7142857142857143,87.26269819131011,1.201610081173074,6.00607142857143,14.285940470092306,6.217038530394939
2020-10-05,2.7142857142857144,-13,-21,3.2857142857142856,72.57142857142857,0.42857142857142855,86.15003064405406,1.320541480489849,7.151428571428574,13.895871798865052,6.4549746275391104
2020-10-06,2.7142857142857144,-13,-21,4.142857142857143,67.85714285714286,1.2857142857142858,87.24173142515701,1.5434527721064446,6.128928571428572,13.634761188655565,6.6244008985306
2020-10-07,2.857142857142857,-13,-21.428571428571427,3.2857142857142856,65.28571428571429,0.8571428571428571,87.23630243675724,1.8087889065602263,6.130801282051283,13.380899530600361,6.66349240887211
2020-10-08,3,-13,-21.714285714285715,2.7142857142857144,61.857142857142854,0.14285714285714285,87.80635234055714,2.1726046207039462,5.423049450549452,13.01200021040557,6.415713548843249
2020-10-09,2.857142857142857,-13,-21.428571428571427,2.7142857142857144,65.85714285714286,-0.2857142857142857,86.94083380112556,2.204994189203669,6.520489926739927,12.51494660651115,6.2461276519713955
2020-10-10,2.857142857142857,-13.285714285714286,-21.142857142857142,2.5714285714285716,65.57142857142857,-0.5714285714285714,86.78024003882726,2.4414543533506055,7.402655677655677,11.638640806576321,5.503079388437174
2020-10-11,2.7142857142857144,-13.571428571428571,-20.857142857142858,2.857142857142857,70.42857142857143,-0.8571428571428571,86.94811854190313,1.825998345204539,8.1014652014652,11.076373377250315,5.275637836680128
2020-10-12,3.142857142857143,-16.857142857142858,-22,4.428571428571429,77.85714285714286,-0.7142857142857143,87.58426701644446,1.73736743270999,7.723855311355309,10.77944918455791,4.877469847262139
2020-10-13,3.2857142857142856,-20,-22.571428571428573,6.428571428571429,92.28571428571429,-0.42857142857142855,86.83997596559284,1.5208732815019834,8.98630952380952,10.459786207866536,4.502936786694917
2020-10-14,3.5714285714285716,-23.428571428571427,-23.428571428571427,8,97.71428571428571,-0.2857142857142857,84.8505353004379,1.2658926591160429,9.17216117216117,9.91079919816904,4.9601941391308415
2020-10-15,4,-27.142857142857142,-24,10,110,0.2857142857142857,82.17854235511162,0.8332934290753037,10.445627289377287,9.363590484896497,4.891336314856351
2020-10-16,4.571428571428571,-31,-25.428571428571427,10.428571428571429,116.57142857142857,0,82.53873674204513,0.6711220722082668,10.934409340659338,8.883611866369751,4.490768600041985
2020-10-17,4.428571428571429,-31.142857142857142,-25.285714285714285,10.285714285714286,122.71428571428571,-0.42857142857142855,82.168551627136,0.41877831823407796,11.499999999999996,8.844902951198684,4.399234664029718
2020-10-18,4.428571428571429,-30.857142857142858,-25.428571428571427,9.571428571428571,119.85714285714286,-0.42857142857142855,79.85695503712121,0.2802034157702867,12.327037545787542,8.81378558561065,4.799685913945203
2020-10-19,4.142857142857143,-27.428571428571427,-24.571428571428573,7.142857142857143,109.85714285714286,-1,78.77208731225349,0.2315230389649099,13.104281135531133,8.66376857880793,4.983414183030615
2020-10-20,4,-24,-24.142857142857142,4.571428571428571,92.71428571428571,-1.7142857142857142,78.62524301898063,0.2837542041896421,11.168269230769228,8.62221137081835,5.428069322864326
2020-10-21,3.857142857142857,-20.428571428571427,-23.571428571428573,2.142857142857143,81.42857142857143,-2.5714285714285716,81.62333283461702,1.0613503040821521,9.985347985347984,9.127739368326328,5.263831014014216
2020-10-22,3.4285714285714284,-16.571428571428573,-22.857142857142858,-0.14285714285714285,70.14285714285714,-3.142857142857143,83.6402319848495,1.2861815717544527,9.26190476190476,9.916238147915532,5.828117529967399
2020-10-23,3,-12.428571428571429,-21.857142857142858,-1.1428571428571428,59.42857142857143,-2.857142857142857,84.04650051158387,1.4053534046010976,8.254278481180654,10.440506066152826,6.332655306430642
2020-10-24,3.2857142857142856,-12.142857142857142,-22.857142857142858,-1.7142857142857142,53.42857142857143,-2.4285714285714284,84.9032804710424,1.636294648042341,7.678664928067101,10.85780444741336,6.664943899770599
2020-10-25,3.5714285714285716,-12.714285714285714,-24.285714285714285,-2.857142857142857,44.42857142857143,-2.7142857142857144,87.67839746922044,2.0528976066694797,5.368651191803365,11.273878838822476,6.712021712552716
2020-10-26,3.7142857142857144,-12.857142857142858,-25,-3.5714285714285716,39,-3.142857142857143,89.49342005906446,2.2092515737571428,3.6104460635982365,11.541547307719984,6.912193606528784
2020-10-27,3.857142857142857,-13,-25.428571428571427,-4.285714285714286,37.142857142857146,-3.2857142857142856,89.72177503741945,2.393124100640567,4.14947994638212,11.637820655066657,7.156094048018511
2020-10-28,4,-13,-25.714285714285715,-4.285714285714286,38.714285714285715,-3,88.2650051797179,1.9932179860553674,5.51440668630886,11.408806318064514,7.3856358091674155
2020-10-29,4.285714285714286,-13.142857142857142,-26.428571428571427,-5,36.142857142857146,-3.857142857142857,88.45122503876385,2.065595599854669,5.842359983012156,10.904397564402421,6.765752179167325
2020-10-30,4.571428571428571,-13.428571428571429,-27.142857142857142,-5.285714285714286,29.285714285714285,-4,90.04245865561859,2.3062780481705167,4.781877289377289,10.831769421745701,6.530705875402077
2020-10-31,4.714285714285714,-13.428571428571429,-27.857142857142858,-5.285714285714286,26.285714285714285,-4.142857142857143,91.38369046125257,2.1669619927400032,4.192655677655677,10.808214354184377,6.223821255245596
2020-11-01,4.714285714285714,-13.428571428571429,-27.714285714285715,-4.857142857142857,29.857142857142858,-4.285714285714286,91.59556988473913,1.9666971703959981,4.885796703296703,10.767488551269878,6.243118755746687
2020-11-02,4.857142857142857,-13.571428571428571,-28,-5,27,-4.571428571428571,91.49170650605433,2.2377186897747308,4.862824675324675,11.288814394797537,7.0802050387788
2020-11-03,4.857142857142857,-13.714285714285714,-28.285714285714285,-4.714285714285714,27,-4.714285714285714,90.75607639542422,2.1610918400691,5.706803613053612,11.333126077655551,7.286111803797405
2020-11-04,4.857142857142857,-13.857142857142858,-28.714285714285715,-5.142857142857143,25.571428571428573,-5.285714285714286,90.12603246305109,1.9020526042894959,6.055756743256741,11.168493247818542,7.40978837280006
2020-11-05,4.857142857142857,-13.857142857142858,-29.142857142857142,-5.142857142857143,22.714285714285715,-4.857142857142857,89.99026537184922,1.6516866910261998,5.100628538128537,11.2899490328489,7.958497708093247
2020-11-06,4.857142857142857,-14,-29.571428571428573,-5.428571428571429,26.428571428571427,-5.285714285714286,89.32467880221918,1.250155864897689,6.043165168165167,11.299823672932838,7.88645952502028
2020-11-07,5,-14.285714285714286,-30.285714285714285,-6,25.857142857142858,-5.857142857142857,88.61470439084725,1.130093997271467,5.898133116883117,10.902269394464959,7.739458226916498
2020-11-08,5,-14.428571428571429,-30.571428571428573,-6.428571428571429,29.857142857142858,-5.857142857142857,88.71000261114547,0.8908685370446715,7.018210955710955,10.176235816207631,7.067955351370143
2020-11-09,5.142857142857143,-14.571428571428571,-31,-6.428571428571429,31.142857142857142,-5.571428571428571,88.5363148013707,0.43679000825023356,6.944305694305694,9.24138443623819,6.190609182643537
2020-11-10,5.285714285714286,-14.714285714285714,-31.285714285714285,-7,28.857142857142858,-5.714285714285714,89.73280267797222,0.2558042845173981,5.448541042291041,8.735044727880549,5.5307452867928015
2020-11-11,5.428571428571429,-15,-31.571428571428573,-7,27.285714285714285,-5.571428571428571,91.24094265882182,0.11751931143725701,3.691163003663004,8.1365173379136,4.796888769976466
2020-11-12,5.571428571428571,-15.142857142857142,-31.571428571428573,-7,27.428571428571427,-5.714285714285714,92.089990973631,0.2500168568190894,3.501926063067368,7.69800358691902,4.291110454370266
2020-11-13,5.714285714285714,-15.142857142857142,-31.571428571428573,-7,26.428571428571427,-5.714285714285714,92.39328144563886,0.443263983255871,3.2473473084886124,7.307419744039659,4.3552760327234115
2020-11-14,5.571428571428571,-15.142857142857142,-31.571428571428573,-6.714285714285714,26.285714285714285,-5.571428571428571,92.81140175700452,0.5187080357828947,3.543020385411689,7.312016033233223,4.501958901224446
2020-11-15,5.714285714285714,-15.285714285714286,-31.857142857142858,-6.571428571428571,22.857142857142858,-5.571428571428571,92.50406950592227,0.7155385084146033,2.5352365026278063,7.94564506549129,5.197913972266597
2020-11-16,5.571428571428571,-15.142857142857142,-31.857142857142858,-6.428571428571429,22.428571428571427,-5.857142857142857,92.40178213950448,1.007837291164637,3.1340181557572855,8.292982663374794,5.5308735951718715
2020-11-17,5.571428571428571,-15,-31.857142857142858,-6.428571428571429,20.571428571428573,-6.142857142857143,92.95906122862645,1.1648400922850852,3.175112478101608,8.861146494365569,5.9591865121260925
2020-11-18,5.571428571428571,-14.714285714285714,-31.857142857142858,-6.428571428571429,20,-6.142857142857143,93.04822420936551,1.272013826226105,3.187131708870839,9.73003994178064,6.754864217013619
2020-11-19,5.571428571428571,-14.714285714285714,-32.142857142857146,-6.428571428571429,18.857142857142858,-6.285714285714286,90.23202354948637,1.3174399122254283,4.122247770345596,9.784015853875557,7.776846889856785
2020-11-20,5.428571428571429,-14.428571428571429,-31.857142857142858,-6,18.571428571428573,-6.142857142857143,87.33812760243825,1.1481162285030364,5.196767001114826,9.330230836352289,7.846018452060345
2020-11-21,5.571428571428571,-14.857142857142858,-32.42857142857143,-6.285714285714286,10.857142857142858,-6.428571428571429,86.86505761686826,1.4347155302080312,4.319019748367573,9.256325306398372,8.678210875221867
2020-11-22,5.571428571428571,-14.857142857142858,-32.57142857142857,-6,7.428571428571429,-6.428571428571429,85.36052048397968,1.3441300724224325,4.731759635292242,8.899728289924747,8.967301927943229
2020-11-23,5.571428571428571,-14.571428571428571,-32.42857142857143,-5.571428571428571,7.428571428571429,-6.142857142857143,84.21079039321698,1.126803910473025,5.680024685459466,8.611691043785493,9.043689556015641
2020-11-24,5.571428571428571,-14.428571428571429,-32.57142857142857,-5,7.285714285714286,-5.714285714285714,83.75434184981191,1.150929372623697,5.672813146997927,8.373257239307517,9.062757591442372
2020-11-25,5.428571428571429,-14.285714285714286,-32.42857142857143,-4.285714285714286,8,-5.285714285714286,83.70438210746086,1.0700647734476945,6.328261864946645,7.804885526607638,8.512105417529325
2020-11-26,5.142857142857143,-13.857142857142858,-32,-3,9.857142857142858,-4.428571428571429,86.01143657938948,0.9250495269210991,6.727414795349575,7.7710518530388875,7.423614216701168
2020-11-27,5,-13.714285714285714,-31.857142857142858,-1,9.571428571428571,-3.4285714285714284,88.55782719360619,0.905353137346806,6.555502468545944,7.598755384035004,6.949938956258826
2020-11-28,4.857142857142857,-13,-31.285714285714285,0.14285714285714285,12.285714285714286,-2.142857142857143,89.03576730904629,0.5492675244476954,6.837782688326164,6.6703695673427355,6.025765527211805
2020-11-29,4.714285714285714,-12.428571428571429,-31.285714285714285,0.8571428571428571,9.285714285714286,-0.8571428571428571,90.38038954622454,0.4504988746411379,5.53377448638318,5.621965536476602,5.0564036685173885
2020-11-30,4.571428571428571,-12.428571428571429,-31.142857142857142,2.142857142857143,7.571428571428571,0.42857142857142855,91.5381158778639,0.5969194169467734,4.009795548654243,4.842507400721131,4.738411484833948
2020-12-01,4.428571428571429,-12.285714285714286,-30.714285714285715,3,7.857142857142857,1.5714285714285714,92.07194485082331,0.5137152225608953,3.989877966236661,4.140175010794165,4.068589990191026
2020-12-02,4.428571428571429,-12.285714285714286,-30.714285714285715,3.4285714285714284,6.714285714285714,2.2857142857142856,91.36790183264986,0.5033812278519006,3.358124303232998,3.6595036370545433,3.829817778965399
2020-12-03,4.571428571428571,-12.571428571428571,-30.857142857142858,3.142857142857143,3.7142857142857144,2.5714285714285716,90.89087169692407,0.467634886867217,2.0198688087275043,2.8459927524192734,4.2945905950037435
2020-12-04,4.714285714285714,-12.857142857142858,-31.285714285714285,1.4285714285714286,-0.14285714285714285,2.142857142857143,89.979907238677,0.532480254362041,0.47360347985348006,2.5968042764056634,5.129372502192483
2020-12-05,4.714285714285714,-13.142857142857142,-31.142857142857142,1.2857142857142858,-0.42857142857142855,2,89.2686682964598,0.6844072863784327,0.2921703296703297,2.8637740529976816,5.352246945833379
2020-12-06,4.714285714285714,-13.428571428571429,-31.142857142857142,1,0,1.4285714285714286,89.95932684596437,0.7758301500444471,0.29802197802197805,3.2833056734977824,5.516277702744832
2020-12-07,5,-14,-31.714285714285715,0,-0.42857142857142855,0.42857142857142855,89.92545356344978,0.5649095445058137,0.2755265567765568,3.7910186533527495,5.7372774740787165
2020-12-08,5.285714285714286,-14.428571428571429,-32.285714285714285,0.14285714285714285,-0.2857142857142857,-0.14285714285714285,89.46934355027456,0.4965729209273326,0.4192994505494504,3.857427263811704,5.811547846563374
2020-12-09,5.714285714285714,-15.857142857142858,-33.714285714285715,-1.4285714285714286,-1.7142857142857142,-0.5714285714285714,90.1419625978936,0.5700769936090369,0.39262820512820495,3.8917568377465406,5.850271028143698
2020-12-10,6.285714285714286,-17.285714285714285,-35.142857142857146,-2.857142857142857,-2,-0.8571428571428571,91.22224915915842,0.6574733264379786,0.3858745421245419,4.050965085638999,5.307393072765743
2020-12-11,6.857142857142857,-18.857142857142858,-36.714285714285715,-4.571428571428571,-2.857142857142857,-1.4285714285714286,92.08767358980025,0.6140509385890658,0.33974358974358954,4.03662298037584,5.172476798563754
2020-12-12,7.285714285714286,-20,-38.142857142857146,-7,-3.4285714285714284,-1.4285714285714286,91.78009077406526,0.4841409543933673,0.24313186813186793,4.001409947794387,5.287083025669982
2020-12-13,7.714285714285714,-20.857142857142858,-39.142857142857146,-9.142857142857142,-1.7142857142857142,-1.7142857142857142,91.34831811225952,0.39217336180077467,0.31833791208791185,3.8774571309697166,5.409389523519958
2020-12-14,8.285714285714286,-22.857142857142858,-40.57142857142857,-10.714285714285714,-3,-1.8571428571428572,92.28594751184544,0.6719263232797166,0.3026556776556774,3.776460890368213,5.410501506774798
2020-12-15,8.857142857142858,-25.142857142857142,-42.142857142857146,-12.571428571428571,-5,-2,93.2759837437295,1.0347530658703366,0.1490384615384615,4.110301742498539,5.567055666900387
2020-12-16,9.142857142857142,-26.285714285714285,-42.142857142857146,-11.714285714285714,-2,-1.2857142857142858,93.86591645594481,0.9531119883867115,0.46108058608058605,4.420195226207813,5.642637822839686
2020-12-17,9.428571428571429,-27.714285714285715,-42.57142857142857,-11.857142857142858,-3,-0.8571428571428571,94.09199952536436,1.27558532556729,0.4900810240484153,4.9973523234964885,5.936830974408614
2020-12-18,9.714285714285714,-28.714285714285715,-42.857142857142854,-12.285714285714286,-1,-0.8571428571428571,94.3822427965859,1.301740863494416,0.8024665551839467,5.671461509504988,5.918203975113913
2020-12-19,9.714285714285714,-28.857142857142858,-42.714285714285715,-12.857142857142858,1.5714285714285714,-1.2857142857142858,95.30305025000204,1.3295121210832463,1.9955755295429214,6.007357499479926,6.0360087893472985
2020-12-20,9.714285714285714,-28.857142857142858,-43,-13.285714285714286,0.42857142857142855,-1.4285714285714286,95.80054664931791,1.3927735733249615,1.9716515368689287,6.538030922167079,6.153920535985754
2020-12-21,10,-31.142857142857142,-43.42857142857143,-12.142857142857142,5.142857142857143,0.14285714285714285,95.46462532426615,1.2795840632606212,2.3843117932791853,6.666138691590637,5.986089557440489
2020-12-22,10.285714285714286,-33.714285714285715,-43.857142857142854,-11.142857142857142,7.714285714285714,2.5714285714285716,94.52448567500552,1.249088854911581,2.502309284917981,6.648753132832081,6.26625359630018
2020-12-23,10.714285714285714,-37.857142857142854,-44.714285714285715,-10.857142857142858,9,5.428571428571429,94.01503950523326,1.3716592163895056,2.4944109332696294,6.380093984962406,6.030500064118076
2020-12-24,11.142857142857142,-45,-48.142857142857146,-20.714285714285715,12.142857142857142,-3.7142857142857144,93.16273302154683,0.9617399371354138,2.9395405319318364,5.807368990658465,5.833037562851228
2020-12-25,12.571428571428571,-52.42857142857143,-51.857142857142854,-30,23,-12.571428571428571,91.27196877634023,0.9082903754925749,4.3758958432871475,5.019825675849704,5.350199929470116
2020-12-26,12.714285714285714,-55.714285714285715,-54.142857142857146,-37.714285714285715,18.714285714285715,-19.571428571428573,90.91650811381436,1.1252330587698305,3.1905707517120554,4.7614234202106065,5.4553542989101995
2020-12-27,13,-57.285714285714285,-55.857142857142854,-42.42857142857143,12.714285714285714,-22,90.24536309626102,1.6875879558933864,3.0921275282688323,4.310611608071563,6.59305138443337
2020-12-28,13.857142857142858,-60.142857142857146,-57.285714285714285,-46.857142857142854,13.142857142857142,-24.142857142857142,89.86126574276385,1.7470159447910105,2.7102593964007005,3.8470099408600555,6.532569733579048
2020-12-29,14.714285714285714,-62.714285714285715,-59,-51,14.571428571428571,-26.428571428571427,90.32495611666216,1.7786993576359296,2.6041666666666665,3.260090988340416,6.014316997702088
2020-12-30,15.428571428571429,-63.857142857142854,-60.142857142857146,-52.857142857142854,13.142857142857142,-26.285714285714285,90.64567580340265,1.9780203614368472,2.3582875457875456,3.1947104173477165,6.229579038973446
2020-12-31,16,-63.285714285714285,-59.57142857142857,-49,15.285714285714286,-20.714285714285715,91.04456971824646,2.299899897097961,1.974587912087912,3.2491890051214987,6.22805439901713
2021-01-01,16.142857142857142,-63.42857142857143,-59.57142857142857,-48.42857142857143,6.142857142857143,-21.857142857142858,93.18196957421911,2.404808128759938,0.2955536311514573,3.2979549417020806,6.045303221623095
2021-01-02,16.571428571428573,-61.714285714285715,-59.142857142857146,-44.714285714285715,13,-17.285714285714285,93.820297731569,2.1609535697743607,0.7289327520305783,2.703249427917619,5.377962823925555
2021-01-03,16.714285714285715,-61.142857142857146,-58.714285714285715,-44.142857142857146,21.571428571428573,-17,93.50253582271542,1.5587532257000947,1.0241479534957798,2.2135514428363385,4.204607349172567
2021-01-04,16.142857142857142,-57,-58.142857142857146,-44.57142857142857,18.714285714285715,-17.714285714285715,92.43749795415675,1.3415742820245713,1.2440322358800622,1.2447671798072244,4.355699786755689
2021-01-05,15.571428571428571,-52.857142857142854,-57.57142857142857,-45.857142857142854,16,-19.571428571428573,90.9893871881112,1.000904413992407,1.3019534813013076,1.0710579066242674,4.757511665353281
2021-01-06,15.142857142857142,-48.857142857142854,-57.42857142857143,-50.142857142857146,13.285714285714286,-26,90.52239533465904,0.9341826864361266,1.2345313201291463,0.5396309697167815,4.970080773264004
2021-01-07,14.714285714285714,-43.285714285714285,-56.142857142857146,-48.857142857142854,9,-25.142857142857142,90.92694344880073,0.7168933478130438,1.1927501845980109,0.13631779547683404,4.898652770624821
2021-01-08,13.857142857142858,-36.714285714285715,-54.142857142857146,-44.142857142857146,6,-17.142857142857142,90.78162483826473,0.715043046640336,1.390690143190143,-0.0331040912241921,5.1899468992015585
2021-01-09,13.714285714285714,-36,-53.714285714285715,-43.857142857142854,10.142857142857142,-16.857142857142858,90.03291883412395,0.7139720245481872,1.3797148684648683,0.07815739582676866,5.160745248792043
2021-01-10,13.714285714285714,-36.142857142857146,-54.142857142857146,-44,8.142857142857142,-17.142857142857142,90.69416248178064,0.9764943744843303,1.3687853812853814,0.28329030997920746,5.069148289036978
2021-01-11,13.714285714285714,-36.42857142857143,-54.57142857142857,-44.57142857142857,5.428571428571429,-18,92.45852842721935,1.6102667349866888,1.1236675824175824,1.485016624546215,5.35176971321896
2021-01-12,13.571428571428571,-36.57142857142857,-54.285714285714285,-44.714285714285715,8.857142857142858,-18.285714285714285,92.77872914035486,1.7621647377463037,2.2080540293040296,1.6214059355897816,5.514219419597238
2021-01-13,13.428571428571429,-36.57142857142857,-54.42857142857143,-44.42857142857143,8.285714285714286,-18.142857142857142,92.26240641403685,1.8350897902807968,2.5242445054945053,1.8569028531844156,6.067203731409187
2021-01-14,13.285714285714286,-36.42857142857143,-54.142857142857146,-44.142857142857146,11.285714285714286,-18.142857142857142,90.69918177635569,1.710301872176909,2.7989239926739926,1.7356196451643653,6.240955693732578
2021-01-15,13,-36.57142857142857,-54,-44.142857142857146,13,-18.142857142857142,88.16890514879645,1.6075701169338579,2.9493177655677663,1.4153676188219135,6.140974444822757
2021-01-16,12.857142857142858,-36.714285714285715,-54.142857142857146,-44.142857142857146,12.857142857142858,-18.285714285714285,87.4768761632892,1.5843474490788372,3.642413003663004,1.1300835753799754,6.260554169538918
2021-01-17,12.571428571428571,-36.57142857142857,-53.714285714285715,-43.714285714285715,18.428571428571427,-18,86.65288312733965,1.2945818685171104,4.188827838827839,0.7472461727335744,6.181288063788061
2021-01-18,12.428571428571429,-36.57142857142857,-53.42857142857143,-43.714285714285715,20.142857142857142,-18.142857142857142,86.53278697952611,0.999779013398232,4.233406593406594,0.31204112675305307,5.589014774907629
2021-01-19,12.428571428571429,-36.57142857142857,-53.857142857142854,-44,15.857142857142858,-18.571428571428573,88.16934327749546,1.1766737125999347,3.117541208791209,0.43551681912712165,5.246427762770928
2021-01-20,12.428571428571429,-36.57142857142857,-53.857142857142854,-44,14.571428571428571,-18.714285714285715,89.35218639268734,1.7337960316919103,2.8013507326007328,0.9986272895677933,5.192541919777942
2021-01-21,12.428571428571429,-36.57142857142857,-53.857142857142854,-44,14.285714285714286,-18.714285714285715,88.63540157857265,1.984849965697488,3.2840123825449914,1.8767041665428397,6.083131413100354
2021-01-22,12.428571428571429,-36.42857142857143,-53.714285714285715,-43.857142857142854,13.142857142857142,-18.571428571428573,89.95527735497018,2.4049367283537038,3.534470258002867,2.783289379575421,6.991752553864352
2021-01-23,12.428571428571429,-36.142857142857146,-53.42857142857143,-43.714285714285715,11.285714285714286,-18.285714285714285,90.89316555372794,2.488871536920865,2.768330148112757,3.3797242166681527,7.228376049416419
2021-01-24,12.428571428571429,-35.857142857142854,-53,-43.42857142857143,11.857142857142858,-18.142857142857142,91.99448542950434,2.5393257463824277,2.1689711737537825,3.7670989033849445,6.9322810729643
2021-01-25,12.428571428571429,-35.714285714285715,-52.714285714285715,-43.142857142857146,15.285714285714286,-17.857142857142858,91.9281034419267,2.308994553110841,2.917254140786749,3.7028883770691547,6.710551611949125
2021-01-26,12.285714285714286,-35.57142857142857,-52.142857142857146,-42.714285714285715,22,-17.571428571428573,90.8381942569088,1.947942173391858,4.126961100493709,3.3684557044785874,6.517337269355901
2021-01-27,12.285714285714286,-35.285714285714285,-52,-42.57142857142857,25,-17.285714285714285,90.67171273905679,1.307310998376561,4.163934543717152,2.808659128057297,5.740650265883185
2021-01-28,12.142857142857142,-35,-51.714285714285715,-42.285714285714285,27.714285714285715,-17,91.21906173536608,1.0455701588589357,4.634500915750916,1.8289080656185914,4.549058679415822
2021-01-29,12,-34.714285714285715,-51.285714285714285,-41.42857142857143,29.285714285714285,-15.857142857142858,91.04993647656691,0.628581090504321,4.290979853479853,0.933118591934381,3.936113886113886
2021-01-30,11.857142857142858,-34.285714285714285,-51,-40.857142857142854,31.857142857142858,-15.142857142857142,89.84380293619424,0.5896975641207947,5.393658424908424,0.3513830029619501,3.7583077636649067
2021-01-31,11.714285714285714,-33.857142857142854,-50.57142857142857,-40.42857142857143,33.57142857142857,-14.428571428571429,88.91587850555241,0.5825944788927094,6.958368171683389,0.17013777031511607,4.040313258170401
2021-02-01,11.571428571428571,-33.714285714285715,-50.285714285714285,-40,35.285714285714285,-13.714285714285714,88.1027315076228,0.5413794864022068,7.58325370281892,-0.17629706677761547,4.095487250844394
2021-02-02,11.571428571428571,-33.57142857142857,-50.285714285714285,-39.714285714285715,35.142857142857146,-13,88.00050583474497,0.5389864517235465,7.553262860328078,-0.6000063399605732,3.9723710812996527
2021-02-03,11.428571428571429,-33.57142857142857,-50,-39.57142857142857,35.714285714285715,-12.571428571428571,87.17003105590062,0.41332507028785537,7.615877329192547,-1.0274545058297917,4.580036630036631
2021-02-04,11.428571428571429,-33.57142857142857,-50,-39.57142857142857,33.857142857142854,-12.142857142857142,87.08656832298136,0.39081816897660626,7.164183189998408,-1.1947038792633757,5.060707744636316
2021-02-05,11.428571428571429,-33.57142857142857,-50.142857142857146,-39.857142857142854,33.857142857142854,-12.285714285714286,86.44258596633361,0.3912027925229945,7.859924948240166,-1.2893810613490244,5.4571860851363985
2021-02-06,11.571428571428571,-33.57142857142857,-50.142857142857146,-40,31.857142857142858,-12.285714285714286,85.11999279863174,0.3456183425267798,8.63579491161013,-1.6425702844066685,6.211961072054242
2021-02-07,11.857142857142858,-34,-50.857142857142854,-40.42857142857143,23.285714285714285,-12.571428571428571,83.29017013232514,0.31032043958181804,7.082372790253226,-2.21590906614362,7.103300684822426
2021-02-08,12,-33.857142857142854,-51.142857142857146,-40.857142857142854,17.857142857142858,-12.857142857142858,81.11564947339996,0.24655707709396577,6.239687848383502,-2.4482793941375176,8.183601517530095
2021-02-09,12.142857142857142,-33.57142857142857,-51.142857142857146,-41,12.857142857142858,-13,78.73785444234404,0.2659990930307753,6.165054148749802,-2.689223003160074,8.989671637885928
2021-02-10,12.142857142857142,-33.142857142857146,-50.714285714285715,-40.42857142857143,15.428571428571429,-12.428571428571429,76.75038032226124,0.19258383940160242,8.136551401497055,-3.171313402029588,8.637100994243855
2021-02-11,12.142857142857142,-32.714285714285715,-50.42857142857143,-40.142857142857146,16,-12,75.75353397502668,0.20949205196198892,9.112251296839808,-3.680204750428337,8.355929548121212
2021-02-12,12,-32.285714285714285,-49.857142857142854,-39.714285714285715,21.285714285714285,-11.714285714285714,75.06385902011858,0.20854855101848796,10.840196962285473,-4.24691305777549,7.624079238320589
2021-02-13,11.714285714285714,-32,-49.142857142857146,-39.142857142857146,30.142857142857142,-11.142857142857142,76.04930588002198,0.21141333329503495,11.387930478768988,-4.371465196100025,6.540837480078832
2021-02-14,11.428571428571429,-30.857142857142858,-47.714285714285715,-37.42857142857143,47.142857142857146,-9.857142857142858,76.951866589284,0.2008902779190384,14.03559758909138,-4.450395837553124,5.656184038282532
2021-02-15,11.428571428571429,-31.571428571428573,-47.57142857142857,-36.857142857142854,53.714285714285715,-9.285714285714286,77.47727157207488,0.31417124820188835,13.552733080411654,-4.197148537320672,5.008180160320799
2021-02-16,11.428571428571429,-32.57142857142857,-47.285714285714285,-36.714285714285715,60.285714285714285,-9.142857142857142,80.86303186653083,0.8274508066844193,12.415255974184547,-3.6728056895676167,4.471728723558803
2021-02-17,11.428571428571429,-33.57142857142857,-47.285714285714285,-36.714285714285715,60,-8.857142857142858,84.25721176071073,1.386557489442831,10.369353959532532,-2.7370724068928443,4.300862684835622
2021-02-18,11.428571428571429,-34.714285714285715,-47.42857142857143,-36.57142857142857,61,-8.714285714285714,87.32623144587949,1.6734123400787375,8.923415968951685,-1.4038208430850823,4.469504269515361
2021-02-19,11.571428571428571,-35.857142857142854,-47.57142857142857,-36.714285714285715,63.42857142857143,-8.714285714285714,90.08589634887772,2.232164150284036,7.461930926216643,-0.07418853980916143,4.863761639129874
2021-02-20,11.571428571428571,-35.57142857142857,-47.857142857142854,-37.142857142857146,56.857142857142854,-9.142857142857142,90.94727201025339,2.2303994348999177,5.377338435374151,1.3567828381037057,5.470041073980737
2021-02-21,11.428571428571429,-35.42857142857143,-47.57142857142857,-37.714285714285715,55,-9.428571428571429,91.95821236619373,2.2273774568779396,4.392605311355311,2.7333860664356573,5.480230884170548
2021-02-22,11.142857142857142,-34.285714285714285,-47,-37.42857142857143,59.857142857142854,-9,93.3212629399586,2.1014779543337,6.966895604395604,3.6952043962821026,5.167459047164018
2021-02-23,10.857142857142858,-33,-46.857142857142854,-37.142857142857146,59.42857142857143,-8.714285714285714,92.47099263860133,1.559915343499794,7.175801282051282,4.622725210343157,5.1998942620526485
2021-02-24,10.714285714285714,-31.714285714285715,-46.57142857142857,-37,64.71428571428571,-8.714285714285714,90.6307809983897,0.9589045398675071,8.010050366300366,5.666823487952071,5.774102791618318
2021-02-25,10.428571428571429,-30.285714285714285,-46,-36.714285714285715,70.42857142857143,-8.428571428571429,89.15071428571429,0.6542396007693383,9.24459706959707,6.176191742654507,5.93125588697017
2021-02-26,10.142857142857142,-28.857142857142858,-45.42857142857143,-35.857142857142854,69,-7.428571428571429,88.3511329652634,0.0953046403808896,9.831760630673672,6.348143528919429,6.092664038859689
2021-02-27,10,-27.857142857142858,-44.57142857142857,-35,74.42857142857143,-6.142857142857143,88.91938693351736,0.086720329790982,11.365872352285393,6.184813994978192,5.928633426614791
2021-02-28,10,-27.142857142857142,-44.714285714285715,-34.42857142857143,69.85714285714286,-5.714285714285714,89.61899010812054,0.08488882795948016,11.05772216913521,5.889233954451344,5.948230496211861
2021-03-01,9.714285714285714,-26.714285714285715,-44,-31.285714285714285,66.57142857142857,-5,90.87979327435849,0.07722288279353498,9.93125398152572,5.528227731257331,5.79142606875526
2021-03-02,9.571428571428571,-26.285714285714285,-43.285714285714285,-28.714285714285715,66.71428571428571,-4.142857142857143,91.81339115795637,0.07303761493639212,10.767220098741834,4.781254580294819,5.4220906422769755
2021-03-03,9.285714285714286,-26,-42.714285714285715,-26.285714285714285,64.14285714285714,-3.4285714285714284,93.41749168705691,0.06636373326251044,10.739747571269307,3.592234823455916,4.669343389529725
2021-03-04,9.142857142857142,-25.714285714285715,-42.285714285714285,-24,61.57142857142857,-3,92.287729782295,0.05600150207227411,11.199797937569674,2.929190243921974,4.400544331444953
2021-03-05,9,-25.428571428571427,-41.714285714285715,-22.428571428571427,64.57142857142857,-3.142857142857143,90.425183362761,0.05999800308370049,12.667553267126246,2.513629216088084,3.968766515206178
2021-03-06,9.142857142857142,-25.285714285714285,-42.142857142857146,-20.714285714285715,55.285714285714285,-3.4285714285714284,89.12544216193284,0.06721964173916269,11.751424106431868,2.3465655404790797,4.362327819326488
2021-03-07,9.285714285714286,-25.142857142857142,-42.285714285714285,-20,50.57142857142857,-3.7142857142857144,86.29805545845919,0.08057670720890421,11.727883335608489,2.2311733220746044,4.77396354385041
2021-03-08,9.285714285714286,-25.142857142857142,-42.285714285714285,-20.857142857142858,53,-3.857142857142857,82.44528081764106,0.08427574449003106,13.650034553955363,1.847367092072722,4.644328763516873
2021-03-09,9.142857142857142,-25.142857142857142,-42,-21.142857142857142,57.857142857142854,-4,78.88663884233242,0.08757259727965437,15.934376872265075,1.7613085667507833,4.719917460534141
2021-03-10,9.142857142857142,-25,-42.142857142857146,-21.571428571428573,56.57142857142857,-4.285714285714286,76.16496872501013,0.37098574663030376,16.452920828309033,1.839592563050505,5.223602931377997
2021-03-11,9.428571428571429,-25.142857142857142,-42.857142857142854,-23,47.714285714285715,-5.428571428571429,78.14496067348034,1.5193393649980484,14.447899128993852,2.165970806299701,6.094646716785136
2021-03-12,9.571428571428571,-25,-43.42857142857143,-23.571428571428573,40.285714285714285,-5.714285714285714,79.91266020278701,1.7953980408772419,11.86844727132771,2.611089209986959,6.7286237129560105
2021-03-13,9.714285714285714,-25,-44.142857142857146,-24.142857142857142,35.57142857142857,-6,81.55990020111396,2.36865170280713,11.079081926527582,2.6853220933614304,6.580777930086937
2021-03-14,9.571428571428571,-24.857142857142858,-43.857142857142854,-23.714285714285715,36.714285714285715,-5.857142857142857,83.9225240159611,2.471929533053917,10.86413826511653,2.887080263171322,6.57184538201619
2021-03-15,9.571428571428571,-24.714285714285715,-43.857142857142854,-24,31.142857142857142,-6.285714285714286,86.88129443234021,2.650662393143712,8.066967139141054,3.441163233084542,7.3216458317390005
2021-03-16,9.428571428571429,-24.428571428571427,-43.42857142857143,-23.714285714285715,32.857142857142854,-6.285714285714286,88.75547586014483,2.6778263184153133,7.599875278706801,3.8568243553243073,7.735355931163386
2021-03-17,9.285714285714286,-24.142857142857142,-42.57142857142857,-23.285714285714285,38.285714285714285,-6,89.62861938241406,2.4124904757449115,8.466404582736104,4.0444281222964715,7.251121825034869
2021-03-18,8.857142857142858,-23.571428571428573,-41.42857142857143,-21.857142857142858,50,-5,87.43076541516028,1.2766086939378782,10.936856684981686,3.780683158205702,6.100261341488051
2021-03-19,8.571428571428571,-23.285714285714285,-40.714285714285715,-21.285714285714285,56.42857142857143,-4.857142857142857,84.70625125178742,1.0076471852837838,12.515327380952384,3.382581317582639,5.478089122172974
2021-03-20,8.428571428571429,-23,-40.142857142857146,-20.857142857142858,60.42857142857143,-4.571428571428571,83.43549003442885,0.4716659323174809,12.362882724159899,3.320700414413074,5.562182146413513
2021-03-21,8.285714285714286,-22.571428571428573,-39.285714285714285,-20.285714285714285,67.14285714285714,-4.285714285714286,80.89247994618978,0.3670012092854109,14.318091555183948,3.4337535762393956,5.844408895107656
2021-03-22,8.285714285714286,-22.428571428571427,-39.142857142857146,-20,71.71428571428571,-4,80.46349243856332,0.18595847002006513,15.212939460901417,3.4736609186008502,5.5863621368279786
2021-03-23,8.428571428571429,-22.428571428571427,-39.285714285714285,-20.285714285714285,67,-4.142857142857143,81.06258439103429,0.15142069968805172,12.586050724637682,3.684260924049254,5.574005756148615
2021-03-24,8.428571428571429,-22.428571428571427,-39.42857142857143,-20.428571428571427,66.28571428571429,-4.142857142857143,81.1291314099679,0.18378714025191853,11.16274486383182,4.146375358686571,6.030066586277769
2021-03-25,8.285714285714286,-22.285714285714285,-39,-20.285714285714285,70.28571428571429,-3.857142857142857,82.3884273807478,0.16816404318700562,11.240185539098583,4.552101746461014,6.281732553161127
2021-03-26,8.142857142857142,-22.142857142857142,-38.714285714285715,-20.142857142857142,73.28571428571429,-3.7142857142857144,84.2620714981301,0.2066708952031744,10.282996894409935,5.3990806066549775,6.544193591088003
2021-03-27,8,-21.857142857142858,-38.285714285714285,-19.857142857142858,75.28571428571429,-3.4285714285714284,84.3979748197612,0.5262860668532298,10.994415910176777,5.753547207940801,6.475027379452848
2021-03-28,8.285714285714286,-22.142857142857142,-39.714285714285715,-20.714285714285715,65.28571428571429,-4.285714285714286,87.23336166826242,0.8768141474841161,7.810887482083133,5.87717094118696,6.448522362730435
2021-03-29,8.428571428571429,-24.142857142857142,-40.142857142857146,-18.857142857142858,69.28571428571429,-3.2857142857142856,88.30392382507222,1.0190212305357569,6.461025840101926,6.333956927892855,6.983245817329668
2021-03-30,8.142857142857142,-26.142857142857142,-39.285714285714285,-15.428571428571429,95.42857142857143,-1.1428571428571428,88.12421593057226,1.0177774494412295,10.01814580347189,6.800897649261493,7.073820408370098
2021-03-31,7.571428571428571,-28.571428571428573,-37.714285714285715,-9.857142857142858,118.57142857142857,4.142857142857143,87.13774100033552,0.9643803951393302,12.401357700270744,7.199874711482264,6.583731847862283
2021-04-01,8.571428571428571,-35.714285714285715,-39.714285714285715,-14,132.57142857142858,1,86.65488192756624,1.0935371253990016,11.554113911450868,7.335991972685337,6.660397754419494
2021-04-02,9.857142857142858,-42.857142857142854,-42,-18.714285714285715,151.71428571428572,-3.2857142857142856,85.9849127584241,1.035954309664012,12.782078655040612,7.06363717264175,6.915944304143062
2021-04-03,9.142857142857142,-42.714285714285715,-40.42857142857143,-16.714285714285715,167.14285714285714,-1.1428571428571428,82.98904992560475,0.665238849413668,15.683913999183648,7.020048349184505,6.5448268684651865
2021-04-04,8.571428571428571,-43.714285714285715,-39.57142857142857,-20.285714285714285,172.28571428571428,-3.142857142857143,82.1106855363708,0.4765793177631319,15.976267479037128,6.961928048432625,6.5328632368587005
2021-04-05,10,-48.714285714285715,-41.42857142857143,-27.285714285714285,166.71428571428572,-7.142857142857143,78.94518346597742,0.5783935303497021,17.671207955227604,6.256890454447663,6.947090081442686
2021-04-06,10,-46.714285714285715,-41.714285714285715,-28.428571428571427,139.57142857142858,-6.857142857142857,76.12194330034595,0.6087760381008017,16.67853396255361,5.546809000813577,7.611984115979575
2021-04-07,10.428571428571429,-44.42857142857143,-42.714285714285715,-32.714285714285715,116.14285714285714,-11.285714285714286,76.18266546255677,0.6845687964226952,15.462446607879302,4.869115854905328,8.452966813406373
2021-04-08,9.428571428571429,-37.42857142857143,-40.714285714285715,-28,95.57142857142857,-8,75.08473060493382,0.7063521922134439,15.150633421066114,4.532955798968384,9.04359714580689
2021-04-09,8.142857142857142,-30.285714285714285,-38.42857142857143,-22.714285714285715,72,-3.5714285714285716,74.67118078046717,0.8530358656828316,14.532991778288602,4.49013815703747,9.311212268779158
2021-04-10,8.714285714285714,-30,-38.857142857142854,-23.428571428571427,66,-5.714285714285714,75.34974457646953,0.859348996995963,14.178332537028192,4.340276234063419,9.446967499374331
2021-04-11,9.428571428571429,-29.571428571428573,-39.857142857142854,-19.857142857142858,54.42857142857143,-3.7142857142857144,76.12458929696642,1.2145043210568927,13.814893892339548,3.9354266100032684,9.13503003207972
2021-04-12,7.571428571428571,-22.142857142857142,-36.57142857142857,-13.428571428571429,57,-0.2857142857142857,76.96012242326042,1.0078560848873257,14.617549569995225,4.120182249101013,8.462450230928491
2021-04-13,7.571428571428571,-21.714285714285715,-36.42857142857143,-14.428571428571429,60,-2.142857142857143,78.10097387253577,1.0089509068740914,14.619083452779106,4.3378232265446215,8.090848320933729
2021-04-14,7.428571428571429,-21.285714285714285,-36.142857142857146,-14.285714285714286,65.85714285714286,-2.5714285714285716,77.07945825047668,0.9298885118870388,16.21827592697158,4.437676837845602,7.483756008484272
2021-04-15,7.285714285714286,-20.714285714285715,-35.57142857142857,-13.714285714285714,73.57142857142857,-2.4285714285714284,75.84610578850891,0.7737919001654271,18.18073013942579,4.591006738684656,6.568028214022008
2021-04-16,7,-20.285714285714285,-34.857142857142854,-13.142857142857142,84.28571428571429,-2.2857142857142856,74.46578299146319,0.6263908884787011,19.94735300930953,4.728135157557927,5.857820083150609
2021-04-17,6.857142857142857,-20.142857142857142,-34.57142857142857,-13,87.42857142857143,-2.142857142857143,73.86774648952782,0.6207201703079829,18.84097360972361,5.2322071854537535,5.7472226836556946
2021-04-18,6.142857142857143,-18.571428571428573,-31.857142857142858,-10.428571428571429,111.28571428571429,-0.8571428571428571,70.31438340736038,0.084216967073087165,22.649306943056942,6.24642446826426,5.255703878386889
2021-04-19,6,-18.285714285714285,-31.285714285714285,-9.857142857142858,124.28571428571429,-0.42857142857142855,68.31185423363556,0.037429441473559116,24.65837079587079,7.120860558489823,4.619406842089853
2021-04-20,5.714285714285714,-17.857142857142858,-30.142857142857142,-8.857142857142858,139.71428571428572,0.14285714285714285,66.53306282576807,0.0035533910533910537,26.57430486180486,7.790475220143959,3.9517622842667213
2021-04-21,5.571428571428571,-17.428571428571427,-29.857142857142858,-7.714285714285714,135.14285714285714,0.42857142857142855,66.34085534043676,0.004133961276818421,26.21767191142191,8.119349679018416,4.6630297952236734
2021-04-22,5.428571428571429,-17.142857142857142,-29.428571428571427,-6.857142857142857,131.57142857142858,0.5714285714285714,65.89294148680457,0.006260690269219055,26.34954004329004,8.308704479062005,5.736969486484793
2021-04-23,5.285714285714286,-16.857142857142858,-28.857142857142858,-5.857142857142857,128.71428571428572,0.7142857142857143,65.995690919911155,0.007428966437495224,26.197983266733267,8.370101722169773,6.158336696372411
2021-04-24,5.142857142857143,-16.428571428571427,-28,-4.428571428571429,128,1,65.147051303384,0.007333739442268227,27.932552863802865,8.118127057246596,6.468765165418893
2021-04-25,5.285714285714286,-16.428571428571427,-28.142857142857142,-3.4285714285714284,120.42857142857143,1.1428571428571428,63.91081811225951,0.007332421315950102,28.46682484182484,7.50844611528822,6.693872406061848
2021-04-26,5.285714285714286,-16.142857142857142,-28.142857142857142,-3.142857142857143,111.28571428571429,1,63.67253465658475,0.02342705802252711,27.280334249084248,6.761221804511277,6.590007223625236
2021-04-27,5.285714285714286,-15.857142857142858,-28.142857142857142,-2.7142857142857144,104.14285714285714,0.8571428571428571,63.0538752362949,0.02360743320290229,27.112179487179485,6.224379699248119,6.593245057220212
2021-04-28,5.142857142857143,-15.571428571428571,-27.714285714285715,-2.2857142857142856,109.42857142857143,1.1428571428571428,62.20432194616977,0.02185442430703625,27.3577152014652,6.258264411027568,5.799816849816849
2021-04-29,4.428571428571429,-15.428571428571429,-26.285714285714285,0.7142857142857143,113,4.428571428571429,63.54748964803313,0.33696445855139884,24.801053113553113,6.384229323308269,5.059216378859236
2021-04-30,6,-22.857142857142858,-28.857142857142858,-4.285714285714286,127.28571428571429,0,64.7488354037267,0.5298307133012152,23.271291208791208,6.520275689223057,4.42593537414966
